{"cameraMode":{"drawMode":0,"name":"Shaded","section":"Shading Mode"},"sceneLighting":false,"audioPlay":false,"sceneViewState":{"m_AlwaysRefresh":false,"showFog":true,"showSkybox":true,"showFlares":true,"showImageEffects":true,"showParticleSystems":true,"showVisualEffectGraphs":true,"m_FxEnabled":false},"in2DMode":false,"pivot":{"x":500.07867431640627,"y":1.0148826837539673,"z":558.8255004882813},"rotation":{"x":0.09131978452205658,"y":-0.08864432573318482,"z":0.00816598441451788,"w":0.9918695688247681},"size":1.8448851108551026,"orthographic":false}